1,Air Mouse C120 for Android and Smart TV,Android Smart TV Box/Air Mouse,478,40
2,Air Mouse MX3 for Android and Smart TV,Android Smart TV Box/Air Mouse,807,10
3,MINI TOUCH PAD RF 500 WIRELESS WITH 3 COLOUR BACKLIGHT,Android Smart TV Box/Air Mouse,451,64
4,Viboton Touch pad wireless keyboard mouse S1,Android Smart TV Box/Air Mouse,972,56
5,Android Hdmi Dongle Quad Core TV Stick 2G+8G MK809III,Android Smart TV Box/Air Mouse,845,82
6,ANDROID SMART TV BOX MXQ 4K QUAD CORE 1G+8G,Android Smart TV Box/Air Mouse,556,68
7,ANDROID TV BOX MXQ PRO 4K QUAD CORE 2.0GHZ 1GB+8GB,Android Smart TV Box/Air Mouse,129,79
8,Android Smart TV Box NexBox A95X R1 Quad-core 1G+8G Android 7.1.2,Android Smart TV Box/Air Mouse,387,81
9,ANDRIOD TV BOX H96 PRO PLUS 3GB+32GB OCTA CORE 4K ULTA HD TV 7.1v,Android Smart TV Box/Air Mouse,574,9
10,ANDRIOD TV BOX H96 MAX 4GB+32GB 4K OCTA CORE,Android Smart TV Box/Air Mouse,206,95
11,Android Smart TV Box X96 mini Quad Core 2g+16g,Android Smart TV Box/Air Mouse,452,88
12,MECOOL KIII PRO ANDRIOD TV  OCTA CORE 3GB RAM 16GB ROM DVB-T2 +S2,Android Smart TV Box/Air Mouse,707,75
13,AIR MOUSE JS6/T6 KEYBOARD WITH TOUCH PAD,Android Smart TV Box/Air Mouse,916,74
14,Android Smart TV Box V88 Piano Quad Core 4GB+16GB,Android Smart TV Box/Air Mouse,367,28
15,Air Mouse MX3 Backlit For Android And Smart Tv,Android Smart TV Box/Air Mouse,939,33
16,ANDRIOD TV BOX H96MAX H2 4GB+32GB QUAD CONRE 4K ULTA HD TV 7.1.2V,Android Smart TV Box/Air Mouse,311,77
17,Digital Persona Finger Print Reader URU 4500,Attendance Machine,551,54
18,ZKTECO I face 702 advance machine,Attendance Machine,683,21
19,ZKTECO TX628 attendance machine,Attendance Machine,186,35
20,ZKTECO live 20R usb figerprint reader,Attendance Machine,111,2
21,ZKTECO K4500 USB FINGERPRINT READER,Attendance Machine,795,66
22,ZKTECO TX628 with RFID card attendance machine,Attendance Machine,208,7
23,I face 702 Battery ,Attendance Machine,968,95
24,DIGITAL PERSONA FINGERPRINT READER URU 5100,Attendance Machine,250,8
25,Barcode Bluetooth Scanner Speed-X 3100,Barcode Scanner/Thermal Receipt Printer,245,19
26,Barcode Handy Scanner 2D Speed-X 6100,Barcode Scanner/Thermal Receipt Printer,761,90
27,Barcode Desktop Scanner 2D Speed-X 9200,Barcode Scanner/Thermal Receipt Printer,833,23
28,Barcode Desktop Scanner Speed-x 9100,Barcode Scanner/Thermal Receipt Printer,911,66
29,Barcode Scanner auto scan Speed-X 8100,Barcode Scanner/Thermal Receipt Printer,831,87
30,Barcode Scanner Speed-X 8200,Barcode Scanner/Thermal Receipt Printer,282,91
31,Barcode Scanner Wifi Speed-X 5100,Barcode Scanner/Thermal Receipt Printer,195,47
32,Speed-X 300 Thermal Receipt Printer USB+RS232+LAN,Barcode Scanner/Thermal Receipt Printer,704,1
33,Speed-X 200 Thermal Receipt Printer USB+RS232,Barcode Scanner/Thermal Receipt Printer,653,65
34,Thermal Printer Main Board PCB KIT RS232+USB 2port,Barcode Scanner/Thermal Receipt Printer,901,64
35,Thermal Printer Main Board PCB KIT RS232+USB+LAN 3port,Barcode Scanner/Thermal Receipt Printer,796,94
36,Bar Code Scanner X Print X-9300/x500,Barcode Scanner/Thermal Receipt Printer,665,17
37,Barcode Stand,Barcode Scanner/Thermal Receipt Printer,973,61
38,Remax Bluetooth Handsfree T8 Black,Bluetooth Handsfree,552,64
39,Remax Bluetooth Handsfree T8 White,Bluetooth Handsfree,817,78
40,LG Tone HBS 900 Bluetooth Wireless Handsfree,Bluetooth Handsfree,494,64
41,LG TONE HBS 730 Bluetooth wireless Handsfree,Bluetooth Handsfree,273,98
42,Power Beats3 Bluetooth wireless handsfree,Bluetooth Handsfree,884,27
43,LG TONE ultra HBS 800 bluetooth handsfree,Bluetooth Handsfree,926,35
44,Remax Bluetooth Handsfree RB T3,Bluetooth Handsfree,642,26
45,Remax Bluetooth Handsfree RB T5,Bluetooth Handsfree,700,76
46,Remax Bluetooth Handsfree RBT7,Bluetooth Handsfree,368,96
47,Ur beats wireless bluetooth handsfree 4.3,Bluetooth Handsfree,570,21
48,Remax T9 Bluetooth Headset,Bluetooth Handsfree,962,95
49,MI BLUETOOTH HEADSET,Bluetooth Handsfree,906,49
50,REMAX BLEUTOOTH HEADSET T10,Bluetooth Handsfree,469,34
51,Remax S2 Magnet Sports Bluetooth Handsfree,Bluetooth Handsfree,194,31
52,Remax S8 Neckband Sport earphones Bluetooth handsfree,Bluetooth Handsfree,766,18
53,Remax Bluetoot Handsfree T13,Bluetooth Handsfree,421,91
54,TWIN TRUE BLUETOOTH EARPHONE V4.2+DER H9Q I7,Bluetooth Handsfree,540,53
55,BASEUS BLUETOOTH EARPHONE NGA01,Bluetooth Handsfree,615,60
56,Baseus Encok Mini Wireless Earphone NGA02,Bluetooth Handsfree,432,10
57,BASEUS Magnet Bluetooth HANDFREE NGB11,Bluetooth Handsfree,300,23
58,Twin True Wireless Earphone V4.2+DER H9Q I7s,Bluetooth Handsfree,827,87
59,Twin True Wireless Earphone IP8,Bluetooth Handsfree,629,32
60,Beats Bluetooth Wireless Studio Headphone TM010,Bluetooth Headphone,965,21
61,Nia Q1 bluetooth wireless headphone,Bluetooth Headphone,421,52
62,NIA X2 Bluetooth wireless headphone Black,Bluetooth Headphone,562,39
63,Beats Bluetooth Headphone TM019,Bluetooth Headphone,237,3
64,Bluedio Bluetooth Headset H+,Bluetooth Headphone,560,38
65,Bluedio Bluetooth Headset T2+,Bluetooth Headphone,811,72
66,JBL Bluetooth Headset S990,Bluetooth Headphone,484,63
67,JBL QUIETCOMFORR BLUETOOTH HEADSET QC35,Bluetooth Headphone,209,37
68,BOSE QUIETCOMFORT BLUETOOTH HEADSET QC950,Bluetooth Headphone,255,23
69,Remax Bluetooth Headphone 195HB,Bluetooth Headphone,891,27
70,Sony Bluetooth Headphones SBH60,Bluetooth Headphone,635,24
71,NIA X5SP bluetooth wireless headphone+speaker,Bluetooth Headphone,830,89
72,Beats Bluetooth Wireless Studio 3 Headphone,Bluetooth Headphone,446,93
73,BEATS BLUETOOTH WIRELESS SOLO3 HEADPHONE,Bluetooth Headphone,758,91
74,Bose SoundlLink Mini Boluetooth Wireless Speaker small box,Bluetooth Speakers,770,43
75,Beats Pill Bluetooth Wireless Speaker TF,Bluetooth Speakers,731,45
76,Bose Bluetooth Touch Speaker BE8,Bluetooth Speakers,382,66
77,JBL Charge2+ Bluetooth Speaker,Bluetooth Speakers,368,25
78,ROCK BLUETOOTH SPEAKER B15,Bluetooth Speakers,583,20
79,JBL Charge3+ Bluetooth Speaker,Bluetooth Speakers,410,54
80,Bose Soundlink 2+ Bluetooth Wireless Speaker,Bluetooth Speakers,424,54
81,Rock HFQ6S Bluetooth Wireless Speaker,Bluetooth Speakers,275,38
82,Remax Bluetooth Speaker RBM13,Bluetooth Speakers,719,27
83,AERO BULL BLUETOOTH SPEAKER,Bluetooth Speakers,833,53
84,Blutooth speakers portable Bs 131,Bluetooth Speakers,278,75
85,JBL BS03 Bluetooth Speaker Round,Bluetooth Speakers,670,1
86,Havit Me Bluetooth Wireless Speaker,Bluetooth Speakers,672,65
87,DANIU Bluetooth Light Speaker,Bluetooth Speakers,668,80
88,JBL K6+ BLUEOOTH SPEAKER,Bluetooth Speakers,474,78
89,JBL CHARGE MINI 3+ BLUETOOTH SPEAKER,Bluetooth Speakers,329,27
90,Romoss sense 4p 10400Mah Power bank for smart phones,Power Bank,940,7
91,Romoss Sense 6p 20000Mah Power bank for smart phones,Power Bank,439,23
92,Romoss Sense 9  25000MAH Power Bank for Smart Phones,Power Bank,103,50
93,Mi Power Bank 2 10000Mah with 2USB  (Black),Power Bank,706,3
94,MI POWER BANK 2C 20000mah,Power Bank,574,52
95,ASPOR POWER BANK 6000MAH POLYMER AIR ULTRA THIN  A373,Power Bank,954,68
96,ASPOR POWER BANK 10000MAH POLYMER AIR ULTRA THIN  A383,Power Bank,481,88
97,Mi Power Bank 2 10000Mah with 2USB  (Silver),Power Bank,228,45
98,ASPOR POWER BANK 10000MAH POLYMER AIR Q388 FAST CHARGING 3.0 (Black),Power Bank,515,79
99,Romoss Rt10 Pro Power bank 10000 Mah Qualcomm 3.0 Fast Charging,Power Bank,352,92
100,ASPOR POWER BANK 10000MAH POLYMER AIR Q388 FAST CHARGING 3.0 (Silver),Power Bank,230,9
101,Android and PC USB Endoscope Cam 3.5M,Security Cameras and Gadgets,407,47
102,Remax Car Dashboard Camera CX01 (1080p),Security Cameras and Gadgets,655,53
103,IP wireless Camera 360 with 2 antenna,Security Cameras and Gadgets,543,95
104,Action Sports Camera WiFi 4K,Security Cameras and Gadgets,695,51
105,Car DVR Mirror DUAL Camera Front/Back 1080p,Security Cameras and Gadgets,756,44
106,IP WIRELSS PANORAMIC FISH CAMERA V380,Security Cameras and Gadgets,201,61
107,Car DVR mirror 7 inch LCD Touch Screen Front and Back camera 1080p,Security Cameras and Gadgets,809,85
108,IP wirless 3D navigation IPC360 panoramic camera 1080P,Security Cameras and Gadgets,251,30
109,IP WIRLESS BULLET CAMERA WATERPROOF 8110,Security Cameras and Gadgets,328,56
110,Doorbell IP wirless with Camera ios and Andriod ,Security Cameras and Gadgets,186,29
111,Android Smart watch DZ09 Black,Smart Watch,861,69
112,Android Smart watch DZ09 Golden,Smart Watch,662,6
113,Android Smart watch W08 Black,Smart Watch,716,99
114,Android Smart watch W08 White,Smart Watch,127,20
115,Android Smart watch GT08 Black,Smart Watch,809,92
116,Mi Band 2,Smart Watch,141,34
117,Android Smart watch GT08 Silver,Smart Watch,885,66
118,GPS WATCH GSM WITH WIFI Q90,Smart Watch,623,33
119,Android Smart watch GT08 Plus with WiFi and 3G 4.4 kitkat,Smart Watch,679,81
120,Android Smart Watch X01 with WiFi and 3G 4.4 kitkat,Smart Watch,154,41
121,Smart Watch Y1 with GSM slot for iOS and Android with camera ,Smart Watch,326,2
122,SMART WATCH BATTERY X01,Smart Watch,588,1
123,SMART WATCH BATTERY DZ09,Smart Watch,866,55
124,Smart Health Watch 115hr,Smart Watch,760,25
125,Smart Health Bracelet Sprots K1 Black,Smart Watch,556,47
126,Smart Health Bracelet Sprots K1 Blue,Smart Watch,609,78
127,Smart Watch Battery Z50,Smart Watch,779,37
128,Android Smart Watch X02s lolipop 5.1 with WiFi and 3G,Smart Watch,542,29
129,SPORT B.P HEART RATE MONITOR Y07S HELTH BAND (Black),Smart Watch,810,70
130,USB Hub 3.0 4 port Power+Magnet Hub U307 IE Top Black,USB Hub,644,32
131,USB 3.0 Hub 4 Port U313 IE Top  Black,USB Hub,328,12
132,USB Hub 3.0 4 Port 303,USB Hub,444,8
133,USB HUB 7 PORT 2.0 WITH SWITCH,USB Hub,803,42
134,USB FAST CHARGER 12 PORT 12AMP W858,USB Hub,371,96
135,USB HUB 2.0 4 Port Power+Magnet Hub U207 IE Top Black,USB Hub,930,37
136,USB hub 4 port 2.0 with Button,USB Hub,114,4
137,USB hub charger Remax 5 port 5V 6A RUU1,USB Hub,989,24
138,USB HUB 7 PORT 3.0 WITH SWITCH,USB Hub,263,41
139,ORICO USB HUB 4PORT 3.0 W59-U3-303-BK-PRO,USB Hub,998,36
